<?xml version="1.0" encoding="UTF-8"?>
<project-private xmlns="http://www.netbeans.org/ns/project-private/1">
    <editor-bookmarks xmlns="http://www.netbeans.org/ns/editor-bookmarks/2" lastBookmarkId="0"/>
    <open-files xmlns="http://www.netbeans.org/ns/projectui-open-files/2">
        <group>
            <file>file:/C:/Users/Jeremy/Documents/NetBeansProjects/NeTex/Outline/src/org/NeTex/Outline/Window/ElementNodeChildFactory.java</file>
            <file>file:/C:/Users/Jeremy/Documents/NetBeansProjects/NeTex/Outline/src/org/NeTex/Outline/Window/NavigationWindowTopComponent.java</file>
            <file>file:/C:/Users/Jeremy/Documents/NetBeansProjects/NeTex/Outline/src/org/NeTex/Outline/Parser/TexFileParser.java</file>
        </group>
    </open-files>
</project-private>
